{"cameraMode":{"drawMode":0,"name":"Shaded","section":"Shading Mode"},"sceneLighting":true,"audioPlay":false,"sceneViewState":{"showFog":false,"showMaterialUpdate":false,"showSkybox":false,"showFlares":false,"showImageEffects":false,"showParticleSystems":false},"in2DMode":false,"pivot":{"x":-0.854079008102417,"y":6.709567546844482,"z":-1.0615463256835938},"rotation":{"x":0.009309031069278717,"y":0.009902059100568295,"z":-0.00009219109051628038,"w":0.9999076724052429},"size":23.04183006286621,"orthographic":false}