{"cameraMode":{"drawMode":0,"name":"Shaded","section":"Shading Mode"},"sceneLighting":false,"audioPlay":false,"sceneViewState":{"showFog":true,"showMaterialUpdate":false,"showSkybox":true,"showFlares":true,"showImageEffects":true,"showParticleSystems":true},"in2DMode":false,"pivot":{"x":-0.2320563644170761,"y":0.2994546890258789,"z":-15.63233757019043},"rotation":{"x":0.3762848675251007,"y":0.010564149357378483,"z":-0.0042908587493002419,"w":0.9264339208602905},"size":26.666641235351564,"orthographic":false}